Index,Name,URL,Filename,FullURL,Accession,TaxID
0,Candidatus Brocadia sp.,https://ftp.ncbi.nlm.nih.gov/genomes/all/GCA/016/699/285/GCA_016699285.1_ASM1669928v1/,GCA_016699285.1_ASM1669928v1_protein.faa,https://ftp.ncbi.nlm.nih.gov/genomes/all/GCA/016/699/285/GCA_016699285.1_ASM1669928v1/GCA_016699285.1_ASM1669928v1_protein.faa.gz,GCA_016699285.1 ASM1669928v1,2172549
1,Candidatus Brocadiae bacterium,https://ftp.ncbi.nlm.nih.gov/genomes/all/GCA/013/359/215/GCA_013359215.1_ASM1335921v1/,GCA_013359215.1_ASM1335921v1_protein.faa,https://ftp.ncbi.nlm.nih.gov/genomes/all/GCA/013/359/215/GCA_013359215.1_ASM1335921v1/GCA_013359215.1_ASM1335921v1_protein.faa.gz,GCA_013359215.1 ASM1335921v1,2517210
2,Phycisphaera mikurensis NBRC 102666,https://ftp.ncbi.nlm.nih.gov/genomes/all/GCF/000/284/115/GCF_000284115.1_ASM28411v1/,GCF_000284115.1_ASM28411v1_protein.faa,https://ftp.ncbi.nlm.nih.gov/genomes/all/GCF/000/284/115/GCF_000284115.1_ASM28411v1/GCF_000284115.1_ASM28411v1_protein.faa.gz,GCA_000284115.1 ASM28411v1,547188
3,Sedimentisphaerales bacterium,https://ftp.ncbi.nlm.nih.gov/genomes/all/GCA/016/932/895/GCA_016932895.1_ASM1693289v1/,GCA_016932895.1_ASM1693289v1_protein.faa,https://ftp.ncbi.nlm.nih.gov/genomes/all/GCA/016/932/895/GCA_016932895.1_ASM1693289v1/GCA_016932895.1_ASM1693289v1_protein.faa.gz,GCA_016932895.1 ASM1693289v1,2813034
4,Humisphaera borealis,https://ftp.ncbi.nlm.nih.gov/genomes/all/GCF/015/169/395/GCF_015169395.1_ASM1516939v1/,GCF_015169395.1_ASM1516939v1_protein.faa,https://ftp.ncbi.nlm.nih.gov/genomes/all/GCF/015/169/395/GCF_015169395.1_ASM1516939v1/GCF_015169395.1_ASM1516939v1_protein.faa.gz,GCA_015169395.1 ASM1516939v1,2807512
5,Gimesia maris,https://ftp.ncbi.nlm.nih.gov/genomes/all/GCF/007/747/015/GCF_007747015.1_ASM774701v1/,GCF_007747015.1_ASM774701v1_protein.faa,https://ftp.ncbi.nlm.nih.gov/genomes/all/GCF/007/747/015/GCF_007747015.1_ASM774701v1/GCF_007747015.1_ASM774701v1_protein.faa.gz,GCA_007747015.1 ASM774701v1,122
6,Gemmata obscuriglobus UQM 2246,https://ftp.ncbi.nlm.nih.gov/genomes/all/GCF/901/538/385/GCF_901538385.1_ASM90153838v1/,GCF_901538385.1_ASM90153838v1_protein.faa,https://ftp.ncbi.nlm.nih.gov/genomes/all/GCF/901/538/385/GCF_901538385.1_ASM90153838v1/GCF_901538385.1_ASM90153838v1_protein.faa.gz,GCA_901538385.1 ASM90153838v1,114
7,Isosphaera pallida ATCC 43644,https://ftp.ncbi.nlm.nih.gov/genomes/all/GCF/000/186/345/GCF_000186345.1_ASM18634v1/,GCF_000186345.1_ASM18634v1_protein.faa,https://ftp.ncbi.nlm.nih.gov/genomes/all/GCF/000/186/345/GCF_000186345.1_ASM18634v1/GCF_000186345.1_ASM18634v1_protein.faa.gz,GCA_000186345.1 ASM18634v1,128
8,Rhodopirellula baltica SH 1,https://ftp.ncbi.nlm.nih.gov/genomes/all/GCF/000/196/115/GCF_000196115.1_ASM19611v1/,GCF_000196115.1_ASM19611v1_protein.faa,https://ftp.ncbi.nlm.nih.gov/genomes/all/GCF/000/196/115/GCF_000196115.1_ASM19611v1/GCF_000196115.1_ASM19611v1_protein.faa.gz,GCA_000196115.1 ASM19611v1,265606
9,Rubinisphaera brasiliensis DSM 5305,https://ftp.ncbi.nlm.nih.gov/genomes/all/GCF/000/165/715/GCF_000165715.2_ASM16571v3/,GCF_000165715.2_ASM16571v3_protein.faa,https://ftp.ncbi.nlm.nih.gov/genomes/all/GCF/000/165/715/GCF_000165715.2_ASM16571v3/GCF_000165715.2_ASM16571v3_protein.faa.gz,GCA_000165715.3 ASM16571v3,119
10,Planctopirus limnophila DSM 3776,https://ftp.ncbi.nlm.nih.gov/genomes/all/GCF/000/092/105/GCF_000092105.1_ASM9210v1/,GCF_000092105.1_ASM9210v1_protein.faa,https://ftp.ncbi.nlm.nih.gov/genomes/all/GCF/000/092/105/GCF_000092105.1_ASM9210v1/GCF_000092105.1_ASM9210v1_protein.faa.gz,GCA_000092105.1 ASM9210v1,120
11,Schlesneria paludicola DSM 18645,https://ftp.ncbi.nlm.nih.gov/genomes/all/GCF/000/255/655/GCF_000255655.1_ASM25565v1/,GCF_000255655.1_ASM25565v1_protein.faa,https://ftp.ncbi.nlm.nih.gov/genomes/all/GCF/000/255/655/GCF_000255655.1_ASM25565v1/GCF_000255655.1_ASM25565v1_protein.faa.gz,GCA_000255655.1 ASM25565v1,360056
12,Polystyrenella longa,https://ftp.ncbi.nlm.nih.gov/genomes/all/GCF/007/750/395/GCF_007750395.1_ASM775039v1/,GCF_007750395.1_ASM775039v1_protein.faa,https://ftp.ncbi.nlm.nih.gov/genomes/all/GCF/007/750/395/GCF_007750395.1_ASM775039v1/GCF_007750395.1_ASM775039v1_protein.faa.gz,GCA_007750395.1 ASM775039v1,2528007
13,Alienimonas californiensis,https://ftp.ncbi.nlm.nih.gov/genomes/all/GCF/007/743/815/GCF_007743815.1_ASM774381v1/,GCF_007743815.1_ASM774381v1_protein.faa,https://ftp.ncbi.nlm.nih.gov/genomes/all/GCF/007/743/815/GCF_007743815.1_ASM774381v1/GCF_007743815.1_ASM774381v1_protein.faa.gz,GCA_007743815.1 ASM774381v1,2527989
14,Calycomorphotria hydatis,https://ftp.ncbi.nlm.nih.gov/genomes/all/GCF/007/745/435/GCF_007745435.1_ASM774543v1/,GCF_007745435.1_ASM774543v1_protein.faa,https://ftp.ncbi.nlm.nih.gov/genomes/all/GCF/007/745/435/GCF_007745435.1_ASM774543v1/GCF_007745435.1_ASM774543v1_protein.faa.gz,GCA_007745435.1 ASM774543v1,2528027
15,Caulifigura coniformis,https://ftp.ncbi.nlm.nih.gov/genomes/all/GCF/007/745/175/GCF_007745175.1_ASM774517v1/,GCF_007745175.1_ASM774517v1_protein.faa,https://ftp.ncbi.nlm.nih.gov/genomes/all/GCF/007/745/175/GCF_007745175.1_ASM774517v1/GCF_007745175.1_ASM774517v1_protein.faa.gz,GCA_007745175.1 ASM774517v1,2527983
16,Crateriforma conspicua,https://ftp.ncbi.nlm.nih.gov/genomes/all/GCF/007/752/935/GCF_007752935.1_ASM775293v1/,GCF_007752935.1_ASM775293v1_protein.faa,https://ftp.ncbi.nlm.nih.gov/genomes/all/GCF/007/752/935/GCF_007752935.1_ASM775293v1/GCF_007752935.1_ASM775293v1_protein.faa.gz,GCA_007752935.1 ASM775293v1,2527996
17,Fuerstia marisgermanicae,https://ftp.ncbi.nlm.nih.gov/genomes/all/GCF/001/983/935/GCF_001983935.1_ASM198393v1/,GCF_001983935.1_ASM198393v1_protein.faa,https://ftp.ncbi.nlm.nih.gov/genomes/all/GCF/001/983/935/GCF_001983935.1_ASM198393v1/GCF_001983935.1_ASM198393v1_protein.faa.gz,GCA_001983935.1 ASM198393v1,1891926
18,Thalassoglobus polymorphus,https://ftp.ncbi.nlm.nih.gov/genomes/all/GCF/007/744/255/GCF_007744255.1_ASM774425v1/,GCF_007744255.1_ASM774425v1_protein.faa,https://ftp.ncbi.nlm.nih.gov/genomes/all/GCF/007/744/255/GCF_007744255.1_ASM774425v1/GCF_007744255.1_ASM774425v1_protein.faa.gz,GCA_007744255.1 ASM774425v1,2527994
19,Symmachiella dynata,https://ftp.ncbi.nlm.nih.gov/genomes/all/GCF/007/747/995/GCF_007747995.1_ASM774799v1/,GCF_007747995.1_ASM774799v1_protein.faa,https://ftp.ncbi.nlm.nih.gov/genomes/all/GCF/007/747/995/GCF_007747995.1_ASM774799v1/GCF_007747995.1_ASM774799v1_protein.faa.gz,GCA_007747995.1_ASM774799v1,2527995
20,Thermogutta terrifontis,https://ftp.ncbi.nlm.nih.gov/genomes/all/GCF/002/277/955/GCF_002277955.1_ASM227795v1/,GCF_002277955.1_ASM227795v1_protein.faa,https://ftp.ncbi.nlm.nih.gov/genomes/all/GCF/002/277/955/GCF_002277955.1_ASM227795v1/GCF_002277955.1_ASM227795v1_protein.faa.gz,GCA_002277955.1 ASM227795v1,1331910
21,Paludisphaera borealis,https://ftp.ncbi.nlm.nih.gov/genomes/all/GCF/001/956/985/GCF_001956985.1_ASM195698v1/,GCF_001956985.1_ASM195698v1_protein.faa,https://ftp.ncbi.nlm.nih.gov/genomes/all/GCF/001/956/985/GCF_001956985.1_ASM195698v1/GCF_001956985.1_ASM195698v1_protein.faa.gz,GCA_001956985.1 ASM195698v1,1387353
22,Singulisphaera acidiphila DSM 18658,https://ftp.ncbi.nlm.nih.gov/genomes/all/GCF/000/242/455/GCF_000242455.2_ASM24245v3/,GCF_000242455.2_ASM24245v3_protein.faa,https://ftp.ncbi.nlm.nih.gov/genomes/all/GCF/000/242/455/GCF_000242455.2_ASM24245v3/GCF_000242455.2_ASM24245v3_protein.faa.gz,GCA_000242455.3 ASM24245v3,466153
23,Tautonia marina,https://ftp.ncbi.nlm.nih.gov/genomes/all/GCF/009/177/065/GCF_009177065.1_ASM917706v1/,GCF_009177065.1_ASM917706v1_protein.faa,https://ftp.ncbi.nlm.nih.gov/genomes/all/GCF/009/177/065/GCF_009177065.1_ASM917706v1/GCF_009177065.1_ASM917706v1_protein.faa.gz,GCA_009177065.1 ASM917706v1,2653855
24,Posidoniimonas polymericola,https://ftp.ncbi.nlm.nih.gov/genomes/all/GCF/007/859/935/GCF_007859935.1_ASM785993v1/,GCF_007859935.1_ASM785993v1_protein.faa,https://ftp.ncbi.nlm.nih.gov/genomes/all/GCF/007/859/935/GCF_007859935.1_ASM785993v1/GCF_007859935.1_ASM785993v1_protein.faa.gz,GCA_007859935.1 ASM785993v1,2528002
25,Bythopirellula goksoyri,https://ftp.ncbi.nlm.nih.gov/genomes/all/GCF/008/065/115/GCF_008065115.1_ASM806511v1/,GCF_008065115.1_ASM806511v1_protein.faa,https://ftp.ncbi.nlm.nih.gov/genomes/all/GCF/008/065/115/GCF_008065115.1_ASM806511v1/GCF_008065115.1_ASM806511v1_protein.faa.gz,GCA_008065115.1 ASM806511v1,1400387
26,Blastopirellula marina DSM 3645,https://ftp.ncbi.nlm.nih.gov/genomes/all/GCF/000/153/105/GCF_000153105.1_ASM15310v1/,GCF_000153105.1_ASM15310v1_protein.faa,https://ftp.ncbi.nlm.nih.gov/genomes/all/GCF/000/153/105/GCF_000153105.1_ASM15310v1/GCF_000153105.1_ASM15310v1_protein.faa.gz,GCA_000153105.1 ASM15310v1,124
27,Blastopirellula cremea,https://ftp.ncbi.nlm.nih.gov/genomes/all/GCF/003/335/485/GCF_003335485.1_ASM333548v1/,GCF_003335485.1_ASM333548v1_protein.faa,https://ftp.ncbi.nlm.nih.gov/genomes/all/GCF/003/335/485/GCF_003335485.1_ASM333548v1/GCF_003335485.1_ASM333548v1_protein.faa.gz,GCA_003335485.1 ASM333548v1,1031537
28,Blastopirellula retiformator,https://ftp.ncbi.nlm.nih.gov/genomes/all/GCF/007/859/755/GCF_007859755.1_ASM785975v1/,GCF_007859755.1_ASM785975v1_protein.faa,https://ftp.ncbi.nlm.nih.gov/genomes/all/GCF/007/859/755/GCF_007859755.1_ASM785975v1/GCF_007859755.1_ASM785975v1_protein.faa.gz,GCA_007859755.1 ASM785975v1,2527970
29,Roseimaritima sp. JC651,https://ftp.ncbi.nlm.nih.gov/genomes/all/GCF/009/618/275/GCF_009618275.1_ASM961827v1/,GCF_009618275.1_ASM961827v1_protein.faa,https://ftp.ncbi.nlm.nih.gov/genomes/all/GCF/009/618/275/GCF_009618275.1_ASM961827v1/GCF_009618275.1_ASM961827v1_protein.faa.gz,GCA_009618275.1 ASM961827v1,2662066
30,Roseimaritima multifibrata,https://ftp.ncbi.nlm.nih.gov/genomes/all/GCF/007/741/495/GCF_007741495.1_ASM774149v1/,GCF_007741495.1_ASM774149v1_protein.faa,https://ftp.ncbi.nlm.nih.gov/genomes/all/GCF/007/741/495/GCF_007741495.1_ASM774149v1/GCF_007741495.1_ASM774149v1_protein.faa.gz,GCA_007741495.1 ASM774149v1,1930274
31,Roseimaritima ulvae,https://ftp.ncbi.nlm.nih.gov/genomes/all/GCF/008/065/135/GCF_008065135.1_ASM806513v1/,GCF_008065135.1_ASM806513v1_protein.faa,https://ftp.ncbi.nlm.nih.gov/genomes/all/GCF/008/065/135/GCF_008065135.1_ASM806513v1/GCF_008065135.1_ASM806513v1_protein.faa.gz,GCA_008065135.1 ASM806513v1,980254
32,Stieleria maiorica,https://ftp.ncbi.nlm.nih.gov/genomes/all/GCF/008/035/925/GCF_008035925.1_ASM803592v1/,GCF_008035925.1_ASM803592v1_protein.faa,https://ftp.ncbi.nlm.nih.gov/genomes/all/GCF/008/035/925/GCF_008035925.1_ASM803592v1/GCF_008035925.1_ASM803592v1_protein.faa.gz,GCA_008035925.1 ASM803592v1,2795974
33,Stieleria varia,https://ftp.ncbi.nlm.nih.gov/genomes/all/GCF/007/860/045/GCF_007860045.1_ASM786004v1/,GCF_007860045.1_ASM786004v1_protein.faa,https://ftp.ncbi.nlm.nih.gov/genomes/all/GCF/007/860/045/GCF_007860045.1_ASM786004v1/GCF_007860045.1_ASM786004v1_protein.faa.gz,GCA_007860045.1 ASM786004v1,2528005
34,Stieleria neptunia,https://ftp.ncbi.nlm.nih.gov/genomes/all/GCF/007/754/155/GCF_007754155.1_ASM775415v1/,GCF_007754155.1_ASM775415v1_protein.faa,https://ftp.ncbi.nlm.nih.gov/genomes/all/GCF/007/754/155/GCF_007754155.1_ASM775415v1/GCF_007754155.1_ASM775415v1_protein.faa.gz,GCA_007754155.1 ASM775415v1,2527979
35,Candidatus Laterigemmans baculatus,https://ftp.ncbi.nlm.nih.gov/genomes/all/GCF/016/837/145/GCF_016837145.1_ASM1683714v1/,GCF_016837145.1_ASM1683714v1_protein.faa,https://ftp.ncbi.nlm.nih.gov/genomes/all/GCF/016/837/145/GCF_016837145.1_ASM1683714v1/GCF_016837145.1_ASM1683714v1_protein.faa.gz,GCA_016837145.1 ASM1683714v1,2770505
36,Bremerella alba,https://ftp.ncbi.nlm.nih.gov/genomes/all/GCF/013/618/625/GCF_013618625.1_ASM1361862v1/,GCF_013618625.1_ASM1361862v1_protein.faa,https://ftp.ncbi.nlm.nih.gov/genomes/all/GCF/013/618/625/GCF_013618625.1_ASM1361862v1/GCF_013618625.1_ASM1361862v1_protein.faa.gz,GCA_013618625.1 ASM1361862v1,980252
37,Bremerella volcania,https://ftp.ncbi.nlm.nih.gov/genomes/all/GCF/007/748/115/GCF_007748115.1_ASM774811v1/,GCF_007748115.1_ASM774811v1_protein.faa,https://ftp.ncbi.nlm.nih.gov/genomes/all/GCF/007/748/115/GCF_007748115.1_ASM774811v1/GCF_007748115.1_ASM774811v1_protein.faa.gz,GCA_007748115.1 ASM774811v1,2527984
38,Anatilimnocola aggregata,https://ftp.ncbi.nlm.nih.gov/genomes/all/GCF/007/747/655/GCF_007747655.1_ASM774765v1/,GCF_007747655.1_ASM774765v1_protein.faa,https://ftp.ncbi.nlm.nih.gov/genomes/all/GCF/007/747/655/GCF_007747655.1_ASM774765v1/GCF_007747655.1_ASM774765v1_protein.faa.gz,GCA_007747655.1 ASM774765v1,2528021
39,Rosistilla carotiformis,https://ftp.ncbi.nlm.nih.gov/genomes/all/GCF/007/753/095/GCF_007753095.1_ASM775309v1/,GCF_007753095.1_ASM775309v1_protein.faa,https://ftp.ncbi.nlm.nih.gov/genomes/all/GCF/007/753/095/GCF_007753095.1_ASM775309v1/GCF_007753095.1_ASM775309v1_protein.faa.gz,GCA_007753095.1 ASM775309v1,2528017
40,Rosistilla oblonga,https://ftp.ncbi.nlm.nih.gov/genomes/all/GCF/007/751/715/GCF_007751715.1_ASM775171v1/,GCF_007751715.1_ASM775171v1_protein.faa,https://ftp.ncbi.nlm.nih.gov/genomes/all/GCF/007/751/715/GCF_007751715.1_ASM775171v1/GCF_007751715.1_ASM775171v1_protein.faa.gz,GCA_007751715.1 ASM77517v1,2527990
41,Rosistilla ulvae,https://ftp.ncbi.nlm.nih.gov/genomes/all/GCF/007/741/475/GCF_007741475.1_ASM774147v1/,GCF_007741475.1_ASM774147v1_protein.faa,https://ftp.ncbi.nlm.nih.gov/genomes/all/GCF/007/741/475/GCF_007741475.1_ASM774147v1/GCF_007741475.1_ASM774147v1_protein.faa.gz,GCA_007741475.1 ASM774147v1,1930277
42,Novipirellula aureliae,https://ftp.ncbi.nlm.nih.gov/genomes/all/GCF/007/860/185/GCF_007860185.1_ASM786018v1/,GCF_007860185.1_ASM786018v1_protein.faa,https://ftp.ncbi.nlm.nih.gov/genomes/all/GCF/007/860/185/GCF_007860185.1_ASM786018v1/GCF_007860185.1_ASM786018v1_protein.faa.gz,GCA_007860185.1 ASM786018v1,2527966
43,Novipirellula artificiosorum,https://ftp.ncbi.nlm.nih.gov/genomes/all/GCF/007/860/135/GCF_007860135.1_ASM786013v1/,GCF_007860135.1_ASM786013v1_protein.faa,https://ftp.ncbi.nlm.nih.gov/genomes/all/GCF/007/860/135/GCF_007860135.1_ASM786013v1/GCF_007860135.1_ASM786013v1_protein.faa.gz,GCA_007860135.1 ASM786013v1,2528016
44,Novipirellula galeiformis,https://ftp.ncbi.nlm.nih.gov/genomes/all/GCF/007/860/095/GCF_007860095.1_ASM786009v1/,GCF_007860095.1_ASM786009v1_protein.faa,https://ftp.ncbi.nlm.nih.gov/genomes/all/GCF/007/860/095/GCF_007860095.1_ASM786009v1/GCF_007860095.1_ASM786009v1_protein.faa.gz,GCA_007860095.1 ASM786009v1,2528004
45,Mariniblastus fucicola,https://ftp.ncbi.nlm.nih.gov/genomes/all/GCF/008/087/665/GCF_008087665.1_ASM808766v1/,GCF_008087665.1_ASM808766v1_protein.faa,https://ftp.ncbi.nlm.nih.gov/genomes/all/GCF/008/087/665/GCF_008087665.1_ASM808766v1/GCF_008087665.1_ASM808766v1_protein.faa.gz,GCA_008087665.1 ASM808766v1,980251
46,Symmachiella macrocystis,https://ftp.ncbi.nlm.nih.gov/genomes/all/GCF/007/860/075/GCF_007860075.1_ASM786007v1/,GCF_007860075.1_ASM786007v1_protein.faa,https://ftp.ncbi.nlm.nih.gov/genomes/all/GCF/007/860/075/GCF_007860075.1_ASM786007v1/GCF_007860075.1_ASM786007v1_protein.faa.gz,GCA_007860075.1 ASM786007v1,2527985
47,Alienimonas chondri,https://ftp.ncbi.nlm.nih.gov/genomes/all/GCF/013/036/045/GCF_013036045.1_ASM1303604v1/,GCF_013036045.1_ASM1303604v1_protein.faa,https://ftp.ncbi.nlm.nih.gov/genomes/all/GCF/013/036/045/GCF_013036045.1_ASM1303604v1/GCF_013036045.1_ASM1303604v1_protein.faa.gz,GCA_013036045.1 ASM1303604v1,2681879
48,Maioricimonas rarisocia,https://ftp.ncbi.nlm.nih.gov/genomes/all/GCF/007/747/795/GCF_007747795.1_ASM774779v1/,GCF_007747795.1_ASM774779v1_protein.faa,https://ftp.ncbi.nlm.nih.gov/genomes/all/GCF/007/747/795/GCF_007747795.1_ASM774779v1/GCF_007747795.1_ASM774779v1_protein.faa.gz,GCA_007747795.1 ASM774779v1,2528026
49,Planctomicrobium piriforme,https://ftp.ncbi.nlm.nih.gov/genomes/all/GCF/900/113/665/GCF_900113665.1_IMG-taxon_2675903691_annotated_assembly/,GCF_900113665.1_IMG-taxon_2675903691_annotated_assembly_protein.faa,https://ftp.ncbi.nlm.nih.gov/genomes/all/GCF/900/113/665/GCF_900113665.1_IMG-taxon_2675903691_annotated_assembly/GCF_900113665.1_IMG-taxon_2675903691_annotated_assembly_protein.faa.gz,GCA_900113665.1 IMG-taxon 2675903691 annotated assembly,1576369
50,Roseiconus lacunae,https://ftp.ncbi.nlm.nih.gov/genomes/all/GCF/008/312/935/GCF_008312935.1_ASM831293v1/,GCF_008312935.1_ASM831293v1_protein.faa,https://ftp.ncbi.nlm.nih.gov/genomes/all/GCF/008/312/935/GCF_008312935.1_ASM831293v1/GCF_008312935.1_ASM831293v1_protein.faa.gz,GCA_008312935.1 ASM831293v1,2605694
51,Methylacidiphilum kamchatkense Kam1,https://ftp.ncbi.nlm.nih.gov/genomes/all/GCF/007/475/525/GCF_007475525.1_ASM747552v1/,GCF_007475525.1_ASM747552v1_protein.faa,https://ftp.ncbi.nlm.nih.gov/genomes/all/GCF/007/475/525/GCF_007475525.1_ASM747552v1/GCF_007475525.1_ASM747552v1_protein.faa.gz,GCA_007475525.1 ASM747552v1,431057
52,Methylacidiphilum fumariolicum SolV,https://ftp.ncbi.nlm.nih.gov/genomes/all/GCF/000/297/415/GCF_000297415.1_ASM29741v1/,GCF_000297415.1_ASM29741v1_protein.faa,https://ftp.ncbi.nlm.nih.gov/genomes/all/GCF/000/297/415/GCF_000297415.1_ASM29741v1/GCF_000297415.1_ASM29741v1_protein.faa.gz,GCA_000297415.1 ASM29741v1,591154
53,Opitutus terrae PB90-1,https://ftp.ncbi.nlm.nih.gov/genomes/all/GCF/000/019/965/GCF_000019965.1_ASM1996v1/,GCF_000019965.1_ASM1996v1_protein.faa,https://ftp.ncbi.nlm.nih.gov/genomes/all/GCF/000/019/965/GCF_000019965.1_ASM1996v1/GCF_000019965.1_ASM1996v1_protein.faa.gz,GCA_000019965.1 ASM1996v1,107709
54,Ereboglobus luteus,https://ftp.ncbi.nlm.nih.gov/genomes/all/GCF/003/096/195/GCF_003096195.1_ASM309619v1/,GCF_003096195.1_ASM309619v1_protein.faa,https://ftp.ncbi.nlm.nih.gov/genomes/all/GCF/003/096/195/GCF_003096195.1_ASM309619v1/GCF_003096195.1_ASM309619v1_protein.faa.gz,GCA_003096195.1 ASM309619v1,1796921
55,Coraliomargarita akajimensis DSM 45221,https://ftp.ncbi.nlm.nih.gov/genomes/all/GCF/000/025/905/GCF_000025905.1_ASM2590v1/,GCF_000025905.1_ASM2590v1_protein.faa,https://ftp.ncbi.nlm.nih.gov/genomes/all/GCF/000/025/905/GCF_000025905.1_ASM2590v1/GCF_000025905.1_ASM2590v1_protein.faa.gz,GCA_000025905.1 ASM2590v1,583355
56,Coraliomargarita sp. CAG:312,https://ftp.ncbi.nlm.nih.gov/genomes/all/GCF/000/438/015/GCF_000438015.1_MGS312/,GCF_000438015.1_MGS312_protein.faa,https://ftp.ncbi.nlm.nih.gov/genomes/all/GCF/000/438/015/GCF_000438015.1_MGS312/GCF_000438015.1_MGS312_protein.faa.gz,GCA_000438015.1 MGS312,1262865
57,Coraliomargarita sinensis,https://ftp.ncbi.nlm.nih.gov/genomes/all/GCF/003/185/655/GCF_003185655.1_ASM318565v1/,GCF_003185655.1_ASM318565v1_protein.faa,https://ftp.ncbi.nlm.nih.gov/genomes/all/GCF/003/185/655/GCF_003185655.1_ASM318565v1/GCF_003185655.1_ASM318565v1_protein.faa.gz,GCA_003185655.1 ASM318565v1,2174842
58,Geminisphaera colitermitum TAV2,https://ftp.ncbi.nlm.nih.gov/genomes/all/GCF/000/171/235/GCF_000171235.2_ASM17123v2/,GCF_000171235.2_ASM17123v2_protein.faa,https://ftp.ncbi.nlm.nih.gov/genomes/all/GCF/000/171/235/GCF_000171235.2_ASM17123v2/GCF_000171235.2_ASM17123v2_protein.faa.gz,GCA_000171235.2 ASM17123v2,1148786
59,Rariglobus hedericola,https://ftp.ncbi.nlm.nih.gov/genomes/all/GCF/007/559/335/GCF_007559335.1_ASM755933v1/,GCF_007559335.1_ASM755933v1_protein.faa,https://ftp.ncbi.nlm.nih.gov/genomes/all/GCF/007/559/335/GCF_007559335.1_ASM755933v1/GCF_007559335.1_ASM755933v1_protein.faa.gz,GCA_007559335.1 ASM755933v1,2597822
60,Cephaloticoccus capnophilus,https://ftp.ncbi.nlm.nih.gov/genomes/all/GCF/001/580/045/GCF_001580045.1_ASM158004v1/,GCF_001580045.1_ASM158004v1_protein.faa,https://ftp.ncbi.nlm.nih.gov/genomes/all/GCF/001/580/045/GCF_001580045.1_ASM158004v1/GCF_001580045.1_ASM158004v1_protein.faa.gz,GCA_001580045.1 ASM158004v1,1548208
61,Cerasicoccus arenae,https://ftp.ncbi.nlm.nih.gov/genomes/all/GCF/016/595/555/GCF_016595555.1_ASM1659555v1/,GCF_016595555.1_ASM1659555v1_protein.faa,https://ftp.ncbi.nlm.nih.gov/genomes/all/GCF/016/595/555/GCF_016595555.1_ASM1659555v1/GCF_016595555.1_ASM1659555v1_protein.faa.gz,GCA_016595555.1 ASM1659555v1,424488
62,Pelagicoccus albus,https://ftp.ncbi.nlm.nih.gov/genomes/all/GCF/014/230/145/GCF_014230145.1_ASM1423014v1/,GCF_014230145.1_ASM1423014v1_protein.faa,https://ftp.ncbi.nlm.nih.gov/genomes/all/GCF/014/230/145/GCF_014230145.1_ASM1423014v1/GCF_014230145.1_ASM1423014v1_protein.faa.gz,GCA_014230145.1 ASM1423014v1,415222
63,Pelagicoccus enzymogenes,https://ftp.ncbi.nlm.nih.gov/genomes/all/GCF/014/803/405/GCF_014803405.1_ASM1480340v1/,GCF_014803405.1_ASM1480340v1_protein.faa,https://ftp.ncbi.nlm.nih.gov/genomes/all/GCF/014/803/405/GCF_014803405.1_ASM1480340v1/GCF_014803405.1_ASM1480340v1_protein.faa.gz,GCA_014803405.1 ASM1480340v1,2773457
64,Pelagicoccus mobilis,https://ftp.ncbi.nlm.nih.gov/genomes/all/GCF/016/595/505/GCF_016595505.1_ASM1659550v1/,GCF_016595505.1_ASM1659550v1_protein.faa,https://ftp.ncbi.nlm.nih.gov/genomes/all/GCF/016/595/505/GCF_016595505.1_ASM1659550v1/GCF_016595505.1_ASM1659550v1_protein.faa.gz,GCA_016595505.1 ASM1659550v1,415221
65,Ruficoccus amylovorans,https://ftp.ncbi.nlm.nih.gov/genomes/all/GCF/014/230/085/GCF_014230085.1_ASM1423008v1/,GCF_014230085.1_ASM1423008v1_protein.faa,https://ftp.ncbi.nlm.nih.gov/genomes/all/GCF/014/230/085/GCF_014230085.1_ASM1423008v1/GCF_014230085.1_ASM1423008v1_protein.faa.gz,GCA_014230085.1 ASM1423008v1,1804625
66,Candidatus Xiphinematobacter sp. Idaho Grape,https://ftp.ncbi.nlm.nih.gov/genomes/all/GCF/001/318/295/GCF_001318295.1_ASM131829v1/,GCF_001318295.1_ASM131829v1_protein.faa,https://ftp.ncbi.nlm.nih.gov/genomes/all/GCF/001/318/295/GCF_001318295.1_ASM131829v1/GCF_001318295.1_ASM131829v1_protein.faa.gz,GCA_001318295.1 ASM131829v1,1704307
67,Chthoniobacter flavus,https://ftp.ncbi.nlm.nih.gov/genomes/all/GCF/004/341/915/GCF_004341915.1_ASM434191v1/,GCF_004341915.1_ASM434191v1_protein.faa,https://ftp.ncbi.nlm.nih.gov/genomes/all/GCF/004/341/915/GCF_004341915.1_ASM434191v1/GCF_004341915.1_ASM434191v1_protein.faa.gz,GCA_004341915.1 ASM434191v1,191863
68,Chthoniobacter sp. 12-60-6,https://ftp.ncbi.nlm.nih.gov/genomes/all/GCA/002/279/575/GCA_002279575.1_ASM227957v1/,GCA_002279575.1_ASM227957v1_protein.faa,https://ftp.ncbi.nlm.nih.gov/genomes/all/GCA/002/279/575/GCA_002279575.1_ASM227957v1/GCA_002279575.1_ASM227957v1_protein.faa.gz,GCA_002279575.1 ASM227957v1,1970334
69,Terrimicrobium sacchariphilum,https://ftp.ncbi.nlm.nih.gov/genomes/all/GCF/001/613/545/GCF_001613545.1_ASM161354v1/,GCF_001613545.1_ASM161354v1_protein.faa,https://ftp.ncbi.nlm.nih.gov/genomes/all/GCF/001/613/545/GCF_001613545.1_ASM161354v1/GCF_001613545.1_ASM161354v1_protein.faa.gz,GCA_001613545.1 ASM161354v1,690879
70,Akkermansia muciniphila,https://ftp.ncbi.nlm.nih.gov/genomes/all/GCF/009/731/575/GCF_009731575.1_ASM973157v1/,GCF_009731575.1_ASM973157v1_protein.faa,https://ftp.ncbi.nlm.nih.gov/genomes/all/GCF/009/731/575/GCF_009731575.1_ASM973157v1/GCF_009731575.1_ASM973157v1_protein.faa.gz,GCA_009731575.1 ASM973157v1,239935
71,Rubritalea squalenifaciens DSM 18772,https://ftp.ncbi.nlm.nih.gov/genomes/all/GCF/900/141/815/GCF_900141815.1_IMG-taxon_2582581871_annotated_assembly/,GCF_900141815.1_IMG-taxon_2582581871_annotated_assembly_protein.faa,https://ftp.ncbi.nlm.nih.gov/genomes/all/GCF/900/141/815/GCF_900141815.1_IMG-taxon_2582581871_annotated_assembly/GCF_900141815.1_IMG-taxon_2582581871_annotated_assembly_protein.faa.gz,GCA_900141815.1 IMG-taxon 2582581871 annotated assembly,407226
72,Rubritalea marina DSM 17716,https://ftp.ncbi.nlm.nih.gov/genomes/all/GCF/000/378/105/GCF_000378105.1_ASM37810v1/,GCF_000378105.1_ASM37810v1_protein.faa,https://ftp.ncbi.nlm.nih.gov/genomes/all/GCF/000/378/105/GCF_000378105.1_ASM37810v1/GCF_000378105.1_ASM37810v1_protein.faa.gz,GCA_000378105.1 ASM37810v1,361055
73,Rubritalea profundi,https://ftp.ncbi.nlm.nih.gov/genomes/all/GCF/002/954/445/GCF_002954445.1_ASM295444v1/,GCF_002954445.1_ASM295444v1_protein.faa,https://ftp.ncbi.nlm.nih.gov/genomes/all/GCF/002/954/445/GCF_002954445.1_ASM295444v1/GCF_002954445.1_ASM295444v1_protein.faa.gz,GCA_002954445.1 ASM295444v1,1658618
74,Methylacidimicrobium tartarophylax,https://ftp.ncbi.nlm.nih.gov/genomes/all/GCF/902/143/375/GCF_902143375.2_4A_2/,GCF_902143375.2_4A_2_protein.faa,https://ftp.ncbi.nlm.nih.gov/genomes/all/GCF/902/143/375/GCF_902143375.2_4A_2/GCF_902143375.2_4A_2_protein.faa.gz,GCA_902143375.2 4A_2,1041768
75,Methylacidimicrobium cyclopophantes,https://ftp.ncbi.nlm.nih.gov/genomes/all/GCF/902/143/385/GCF_902143385.2_3B_2/,GCF_902143385.2_3B_2_protein.faa,https://ftp.ncbi.nlm.nih.gov/genomes/all/GCF/902/143/385/GCF_902143385.2_3B_2/GCF_902143385.2_3B_2_protein.faa.gz,GCA_902143385.2 3B_2,1041766
76,Chlamydia pneumoniae TW-183,https://ftp.ncbi.nlm.nih.gov/genomes/all/GCF/000/007/205/GCF_000007205.1_ASM720v1/,GCF_000007205.1_ASM720v1_protein.faa,https://ftp.ncbi.nlm.nih.gov/genomes/all/GCF/000/007/205/GCF_000007205.1_ASM720v1/GCF_000007205.1_ASM720v1_protein.faa.gz,GCA_000007205.1 ASM720v1,83558
77,Chlamydia muridarum str. Nigg,https://ftp.ncbi.nlm.nih.gov/genomes/all/GCF/000/006/685/GCF_000006685.1_ASM668v1/,GCF_000006685.1_ASM668v1_protein.faa,https://ftp.ncbi.nlm.nih.gov/genomes/all/GCF/000/006/685/GCF_000006685.1_ASM668v1/GCF_000006685.1_ASM668v1_protein.faa.gz,GCA_000006685.1 ASM668v1,83560
78,Chlamydia avium,https://ftp.ncbi.nlm.nih.gov/genomes/all/GCF/000/417/735/GCF_000417735.2_ASM41773v2/,GCF_000417735.2_ASM41773v2_protein.faa,https://ftp.ncbi.nlm.nih.gov/genomes/all/GCF/000/417/735/GCF_000417735.2_ASM41773v2/GCF_000417735.2_ASM41773v2_protein.faa.gz,GCA_000417735.2 ASM41773v2,1457141
79,Chlamydia gallinacea 08-1274/3,https://ftp.ncbi.nlm.nih.gov/genomes/all/GCF/000/471/025/GCF_000471025.2_ASM47102v2/,GCF_000471025.2_ASM47102v2_protein.faa,https://ftp.ncbi.nlm.nih.gov/genomes/all/GCF/000/471/025/GCF_000471025.2_ASM47102v2/GCF_000471025.2_ASM47102v2_protein.faa.gz,GCA_000471025.2 ASM47102v2,1457153
80,Neochlamydia sp. S13,https://ftp.ncbi.nlm.nih.gov/genomes/all/GCF/000/648/235/GCF_000648235.2_ASM64823v2/,GCF_000648235.2_ASM64823v2_protein.faa,https://ftp.ncbi.nlm.nih.gov/genomes/all/GCF/000/648/235/GCF_000648235.2_ASM64823v2/GCF_000648235.2_ASM64823v2_protein.faa.gz,GCA_000648235.2 ASM64823v2,1353976
81,Criblamydia sequanensis CRIB-18,https://ftp.ncbi.nlm.nih.gov/genomes/all/GCF/000/750/955/GCF_000750955.1_CS_CRIB18-1/,GCF_000750955.1_CS_CRIB18-1_protein.faa,https://ftp.ncbi.nlm.nih.gov/genomes/all/GCF/000/750/955/GCF_000750955.1_CS_CRIB18-1/GCF_000750955.1_CS_CRIB18-1_protein.faa.gz,GCA_000750955.1 CS_CRIB18-1,340071
82,Estrella lausannensis,https://ftp.ncbi.nlm.nih.gov/genomes/all/GCF/900/000/175/GCF_900000175.1_ASM90000017v1/,GCF_900000175.1_ASM90000017v1_protein.faa,https://ftp.ncbi.nlm.nih.gov/genomes/all/GCF/900/000/175/GCF_900000175.1_ASM90000017v1/GCF_900000175.1_ASM90000017v1_protein.faa.gz,GCA_900000175.1 ASM90000017v1,483423
83,Candidatus Rhabdochlamydia porcellionis,https://ftp.ncbi.nlm.nih.gov/genomes/all/GCF/015/356/815/GCF_015356815.2_ASM1535681v2/,GCF_015356815.2_ASM1535681v2_protein.faa,https://ftp.ncbi.nlm.nih.gov/genomes/all/GCF/015/356/815/GCF_015356815.2_ASM1535681v2/GCF_015356815.2_ASM1535681v2_protein.faa.gz,GCA_015356815.2 ASM1535681v2,225148
84,Candidatus Neptunochlamydia vexilliferae,https://ftp.ncbi.nlm.nih.gov/genomes/all/GCF/015/356/785/GCF_015356785.1_ASM1535678v1/,GCF_015356785.1_ASM1535678v1_protein.faa,https://ftp.ncbi.nlm.nih.gov/genomes/all/GCF/015/356/785/GCF_015356785.1_ASM1535678v1/GCF_015356785.1_ASM1535678v1_protein.faa.gz,GCA_015356785.1 ASM1535678v1,1651774
85,Simkania negevensis Z,https://ftp.ncbi.nlm.nih.gov/genomes/all/GCF/000/237/205/GCF_000237205.1_ASM23720v1/,GCF_000237205.1_ASM23720v1_protein.faa,https://ftp.ncbi.nlm.nih.gov/genomes/all/GCF/000/237/205/GCF_000237205.1_ASM23720v1/GCF_000237205.1_ASM23720v1_protein.faa.gz,GCA_000237205.1 ASM23720v1,83561
86,Candidatus Anoxychlamydiales bacterium,https://ftp.ncbi.nlm.nih.gov/genomes/all/GCA/011/064/745/GCA_011064745.1_ASM1106474v1/,GCA_011064745.1_ASM1106474v1_protein.faa,https://ftp.ncbi.nlm.nih.gov/genomes/all/GCA/011/064/745/GCA_011064745.1_ASM1106474v1/GCA_011064745.1_ASM1106474v1_protein.faa.gz,GCA_011064745.1 ASM1106474v1,2705072
87,Waddlia chondrophila WSU 86-1044,https://ftp.ncbi.nlm.nih.gov/genomes/all/GCF/000/092/785/GCF_000092785.1_ASM9278v1/,GCF_000092785.1_ASM9278v1_protein.faa,https://ftp.ncbi.nlm.nih.gov/genomes/all/GCF/000/092/785/GCF_000092785.1_ASM9278v1/GCF_000092785.1_ASM9278v1_protein.faa.gz,GCA_000092785.1 ASM9278v1,71667
88,Chlamydiifrater volucris,https://ftp.ncbi.nlm.nih.gov/genomes/all/GCF/902/806/995/GCF_902806995.1_15-2067_O50/,GCF_902806995.1_15-2067_O50_protein.faa,https://ftp.ncbi.nlm.nih.gov/genomes/all/GCF/902/806/995/GCF_902806995.1_15-2067_O50/GCF_902806995.1_15-2067_O50_protein.faa.gz,GCA_902806995.1 15-2067_O50,2681470
89,Candidatus Clavichlamydia salmonicola,https://ftp.ncbi.nlm.nih.gov/genomes/all/GCF/015/356/765/GCF_015356765.1_ASM1535676v1/,GCF_015356765.1_ASM1535676v1_protein.faa,https://ftp.ncbi.nlm.nih.gov/genomes/all/GCF/015/356/765/GCF_015356765.1_ASM1535676v1/GCF_015356765.1_ASM1535676v1_protein.faa.gz,GCA_015356765.1 ASM1535676v1,469812
90,Chlamydiifrater phoenicopteri,https://ftp.ncbi.nlm.nih.gov/genomes/all/GCF/902/807/005/GCF_902807005.1_14-2711_R47/,GCF_902807005.1_14-2711_R47_protein.faa,https://ftp.ncbi.nlm.nih.gov/genomes/all/GCF/902/807/005/GCF_902807005.1_14-2711_R47/GCF_902807005.1_14-2711_R47_protein.faa.gz,GCA_902807005.1 14-2711_R47,2681469
91,Candidatus Rubidus massiliensis,https://ftp.ncbi.nlm.nih.gov/genomes/all/GCA/000/756/735/GCA_000756735.1_Chlamydia_sp_Rubis/,GCA_000756735.1_Chlamydia_sp_Rubis_protein.faa,https://ftp.ncbi.nlm.nih.gov/genomes/all/GCA/000/756/735/GCA_000756735.1_Chlamydia_sp_Rubis/GCA_000756735.1_Chlamydia_sp_Rubis_protein.faa.gz,GCA_000756735.1 Chlamydia sp Rubis,1444712
92,Chlamydia buteonis,https://ftp.ncbi.nlm.nih.gov/genomes/all/GCF/019/056/495/GCF_019056495.1_ASM1905649v1/,GCF_019056495.1_ASM1905649v1_protein.faa,https://ftp.ncbi.nlm.nih.gov/genomes/all/GCF/019/056/495/GCF_019056495.1_ASM1905649v1/GCF_019056495.1_ASM1905649v1_protein.faa.gz,GCA_019056495.1 ASM1905649v1,2494525
93,Chlamydia felis Fe/C-56,https://ftp.ncbi.nlm.nih.gov/genomes/all/GCF/000/009/945/GCF_000009945.1_ASM994v1/,GCF_000009945.1_ASM994v1_protein.faa,https://ftp.ncbi.nlm.nih.gov/genomes/all/GCF/000/009/945/GCF_000009945.1_ASM994v1/GCF_000009945.1_ASM994v1_protein.faa.gz,GCA_000009945.1 ASM994v1,83556
94,Chlamydia ibidis 10-1398/6,https://ftp.ncbi.nlm.nih.gov/genomes/all/GCF/000/454/725/GCF_000454725.1_ibidis.assembly/,GCF_000454725.1_ibidis.assembly_protein.faa,https://ftp.ncbi.nlm.nih.gov/genomes/all/GCF/000/454/725/GCF_000454725.1_ibidis.assembly/GCF_000454725.1_ibidis.assembly_protein.faa.gz,GCA_000454725.1 ibidis.assembly,1405396
95,Chlamydia pecorum PV3056/3,https://ftp.ncbi.nlm.nih.gov/genomes/all/GCF/000/470/765/GCF_000470765.1_ASM47076v1/,GCF_000470765.1_ASM47076v1_protein.faa,https://ftp.ncbi.nlm.nih.gov/genomes/all/GCF/000/470/765/GCF_000470765.1_ASM47076v1/GCF_000470765.1_ASM47076v1_protein.faa.gz,GCA_000470765.1 ASM47076v1,85991
96,Chlamydia trachomatis D/UW-3/CX,https://ftp.ncbi.nlm.nih.gov/genomes/all/GCF/000/008/725/GCF_000008725.1_ASM872v1/,GCF_000008725.1_ASM872v1_protein.faa,https://ftp.ncbi.nlm.nih.gov/genomes/all/GCF/000/008/725/GCF_000008725.1_ASM872v1/GCF_000008725.1_ASM872v1_protein.faa.gz,GCA_000008725.1 ASM872v1,813
97,Victivallis vadensis,https://ftp.ncbi.nlm.nih.gov/genomes/all/GCF/003/096/415/GCF_003096415.1_ASM309641v1/,GCF_003096415.1_ASM309641v1_protein.faa,https://ftp.ncbi.nlm.nih.gov/genomes/all/GCF/003/096/415/GCF_003096415.1_ASM309641v1/GCF_003096415.1_ASM309641v1_protein.faa.gz,GCA_003096415.1 ASM309641v1,172901
98,Lentisphaera araneosa HTCC2155,https://ftp.ncbi.nlm.nih.gov/genomes/all/GCF/000/170/755/GCF_000170755.1_ASM17075v1/,GCF_000170755.1_ASM17075v1_protein.faa,https://ftp.ncbi.nlm.nih.gov/genomes/all/GCF/000/170/755/GCF_000170755.1_ASM17075v1/GCF_000170755.1_ASM17075v1_protein.faa.gz,GCA_000170755.1 ASM17075v1,256847
99,Lentisphaerae bacterium,https://ftp.ncbi.nlm.nih.gov/genomes/all/GCA/017/134/815/GCA_017134815.1_ASM1713481v1/,GCA_017134815.1_ASM1713481v1_protein.faa,https://ftp.ncbi.nlm.nih.gov/genomes/all/GCA/017/134/815/GCA_017134815.1_ASM1713481v1/GCA_017134815.1_ASM1713481v1_protein.faa.gz,GCA_017134815.1 ASM1713481v1,1932692
100,Victivallis sp. Marseille-Q1083,https://ftp.ncbi.nlm.nih.gov/genomes/all/GCF/903/645/315/GCF_903645315.1_Q1083/,GCF_903645315.1_Q1083_protein.faa,https://ftp.ncbi.nlm.nih.gov/genomes/all/GCF/903/645/315/GCF_903645315.1_Q1083/GCF_903645315.1_Q1083_protein.faa.gz,GCA_903645315.1 Q1083,2717288
101,Oligosphaeraceae bacterium,https://ftp.ncbi.nlm.nih.gov/genomes/all/GCA/012/799/725/GCA_012799725.1_ASM1279972v1/,GCA_012799725.1_ASM1279972v1_protein.faa,https://ftp.ncbi.nlm.nih.gov/genomes/all/GCA/012/799/725/GCA_012799725.1_ASM1279972v1/GCA_012799725.1_ASM1279972v1_protein.faa.gz,GCA_012799725.1 ASM1279972v1,2699751
102,Victivallales bacterium,https://ftp.ncbi.nlm.nih.gov/genomes/all/GCA/018/648/945/GCA_018648945.1_ASM1864894v1/,GCA_018648945.1_ASM1864894v1_protein.faa,https://ftp.ncbi.nlm.nih.gov/genomes/all/GCA/018/648/945/GCA_018648945.1_ASM1864894v1/GCA_018648945.1_ASM1864894v1_protein.faa.gz,GCA_018648945.1 ASM1864894v1,2212475
103,Lentisphaerae bacterium GWF2_38_69,https://ftp.ncbi.nlm.nih.gov/genomes/all/GCA/001/803/205/GCA_001803205.1_ASM180320v1/,GCA_001803205.1_ASM180320v1_protein.faa,https://ftp.ncbi.nlm.nih.gov/genomes/all/GCA/001/803/205/GCA_001803205.1_ASM180320v1/GCA_001803205.1_ASM180320v1_protein.faa.gz,GCA_001803205.1 ASM180320v1,1798570
104,Candidatus Poribacteria bacterium,https://ftp.ncbi.nlm.nih.gov/genomes/all/GCA/003/635/265/GCA_003635265.1_ASM363526v1/,GCA_003635265.1_ASM363526v1_protein.faa,https://ftp.ncbi.nlm.nih.gov/genomes/all/GCA/003/635/265/GCA_003635265.1_ASM363526v1/GCA_003635265.1_ASM363526v1_protein.faa.gz,GCA_003635265.1 ASM363526v1,2026781
105,Lentisphaerae bacterium RIFOXYA12_64_32,https://ftp.ncbi.nlm.nih.gov/genomes/all/GCA/001/803/235/GCA_001803235.1_ASM180323v1/,GCA_001803235.1_ASM180323v1_protein.faa,https://ftp.ncbi.nlm.nih.gov/genomes/all/GCA/001/803/235/GCA_001803235.1_ASM180323v1/GCA_001803235.1_ASM180323v1_protein.faa.gz,GCA_001803235.1 ASM180323v1,1798577